{
  "project_info": {
    "project_number": "808559027868",
    "project_id": "recyclebin-4c76c",
    "storage_bucket": "recyclebin-4c76c.firebasestorage.app"
  },
  "client": [
    {
      "client_info": {
        "mobilesdk_app_id": "1:808559027868:android:48d31e1ad456369779af59",
        "android_client_info": {
          "package_name": "com.jewell.recyclebinapp"
        }
      },
      "oauth_client": [],
      "api_key": [
        {
          "current_key": "AIzaSyB-JJRw7I70rLPefSUZ-MY7CM2HPLAD9SU"
        }
      ],
      "services": {
        "appinvite_service": {
          "other_platform_oauth_client": []
        }
      }
    }
  ],
  "configuration_version": "1"
}